{
  "project_info": {
    "project_number": "234452935803",
    "project_id": "authenticateapp-4759b",
    "storage_bucket": "authenticateapp-4759b.appspot.com"
  },
  "client": [
    {
      "client_info": {
        "mobilesdk_app_id": "1:234452935803:android:95c8701a5d80223ff4aede",
        "android_client_info": {
          "package_name": "com.example.authenticateapp"
        }
      },
      "oauth_client": [
        {
          "client_id": "234452935803-bsnih5kjtfjl769r91thj76kl6r6dr5u.apps.googleusercontent.com",
          "client_type": 3
        }
      ],
      "api_key": [
        {
          "current_key": "AIzaSyDlN-O6yicqC17sfo7P-cIZCXrSiQ6uV5A"
        }
      ],
      "services": {
        "appinvite_service": {
          "other_platform_oauth_client": [
            {
              "client_id": "234452935803-bsnih5kjtfjl769r91thj76kl6r6dr5u.apps.googleusercontent.com",
              "client_type": 3
            }
          ]
        }
      }
    }
  ],
  "configuration_version": "1"
}